city,station,lat,long,datasource,obs.period,date,pollutant,concentration,unit
Dakar,Diamdiadio,14.7452,-17.5262,Openmap,2020-02-23 ~ 2021-02-22,2020-02-23,PM2.5,23.02808257,ug/m3
Dakar,Diamdiadio,14.7452,-17.5262,Openmap,2020-02-23 ~ 2021-02-22,2020-02-24,PM2.5,57.01894824,ug/m3
Dakar,Diamdiadio,14.7452,-17.5262,Openmap,2020-02-23 ~ 2021-02-22,2020-02-25,PM2.5,27.58443634,ug/m3
Dakar,Diamdiadio,14.7452,-17.5262,Openmap,2020-02-23 ~ 2021-02-22,2020-02-26,PM2.5,14.53433606,ug/m3
Dakar,Diamdiadio,14.7452,-17.5262,Openmap,2020-02-23 ~ 2021-02-22,2020-02-27,PM2.5,13.74444122,ug/m3
Dakar,Diamdiadio,14.7452,-17.5262,Openmap,2020-02-23 ~ 2021-02-22,2020-02-28,PM2.5,12.20935409,ug/m3
Dakar,Diamdiadio,14.7452,-17.5262,Openmap,2020-02-23 ~ 2021-02-22,2020-02-29,PM2.5,11.51935276,ug/m3
Dakar,Diamdiadio,14.7452,-17.5262,Openmap,2020-02-23 ~ 2021-02-22,2020-03-01,PM2.5,13.19281318,ug/m3
Dakar,Diamdiadio,14.7452,-17.5262,Openmap,2020-02-23 ~ 2021-02-22,2020-03-02,PM2.5,19.12077079,ug/m3
Dakar,Diamdiadio,14.7452,-17.5262,Openmap,2020-02-23 ~ 2021-02-22,2020-03-03,PM2.5,15.94111841,ug/m3
Dakar,Diamdiadio,14.7452,-17.5262,Openmap,2020-02-23 ~ 2021-02-22,2020-03-04,PM2.5,14.23962943,ug/m3
Dakar,Diamdiadio,14.7452,-17.5262,Openmap,2020-02-23 ~ 2021-02-22,2020-03-05,PM2.5,15.43819974,ug/m3
Dakar,Diamdiadio,14.7452,-17.5262,Openmap,2020-02-23 ~ 2021-02-22,2020-03-06,PM2.5,24.98718225,ug/m3
Dakar,Diamdiadio,14.7452,-17.5262,Openmap,2020-02-23 ~ 2021-02-22,2020-03-07,PM2.5,23.55499743,ug/m3
Dakar,Diamdiadio,14.7452,-17.5262,Openmap,2020-02-23 ~ 2021-02-22,2020-03-08,PM2.5,16.14376003,ug/m3
Dakar,Diamdiadio,14.7452,-17.5262,Openmap,2020-02-23 ~ 2021-02-22,2020-03-09,PM2.5,27.1141291,ug/m3
Dakar,Diamdiadio,14.7452,-17.5262,Openmap,2020-02-23 ~ 2021-02-22,2020-03-10,PM2.5,36.73227457,ug/m3
Dakar,Diamdiadio,14.7452,-17.5262,Openmap,2020-02-23 ~ 2021-02-22,2020-03-11,PM2.5,31.41312801,ug/m3
Dakar,Diamdiadio,14.7452,-17.5262,Openmap,2020-02-23 ~ 2021-02-22,2020-03-12,PM2.5,32.20074394,ug/m3
Dakar,Diamdiadio,14.7452,-17.5262,Openmap,2020-02-23 ~ 2021-02-22,2020-03-13,PM2.5,24.95904806,ug/m3
Dakar,Diamdiadio,14.7452,-17.5262,Openmap,2020-02-23 ~ 2021-02-22,2020-03-14,PM2.5,17.27312758,ug/m3
Dakar,Diamdiadio,14.7452,-17.5262,Openmap,2020-02-23 ~ 2021-02-22,2020-03-15,PM2.5,16.09548871,ug/m3
Dakar,Diamdiadio,14.7452,-17.5262,Openmap,2020-02-23 ~ 2021-02-22,2020-03-16,PM2.5,17.09927548,ug/m3
Dakar,Diamdiadio,14.7452,-17.5262,Openmap,2020-02-23 ~ 2021-02-22,2020-03-17,PM2.5,16.89776587,ug/m3
Dakar,Diamdiadio,14.7452,-17.5262,Openmap,2020-02-23 ~ 2021-02-22,2020-03-18,PM2.5,17.25720073,ug/m3
Dakar,Diamdiadio,14.7452,-17.5262,Openmap,2020-02-23 ~ 2021-02-22,2020-03-19,PM2.5,20.9780589,ug/m3
Dakar,Diamdiadio,14.7452,-17.5262,Openmap,2020-02-23 ~ 2021-02-22,2020-03-20,PM2.5,14.4617966,ug/m3
Dakar,Diamdiadio,14.7452,-17.5262,Openmap,2020-02-23 ~ 2021-02-22,2020-03-21,PM2.5,22.86548736,ug/m3
Dakar,Diamdiadio,14.7452,-17.5262,Openmap,2020-02-23 ~ 2021-02-22,2020-03-22,PM2.5,9.244163678,ug/m3
Dakar,Diamdiadio,14.7452,-17.5262,Openmap,2020-02-23 ~ 2021-02-22,2020-03-23,PM2.5,7.812875725,ug/m3
Dakar,Diamdiadio,14.7452,-17.5262,Openmap,2020-02-23 ~ 2021-02-22,2020-03-24,PM2.5,6.684097267,ug/m3
Dakar,Diamdiadio,14.7452,-17.5262,Openmap,2020-02-23 ~ 2021-02-22,2020-03-25,PM2.5,7.885333728,ug/m3
Dakar,Diamdiadio,14.7452,-17.5262,Openmap,2020-02-23 ~ 2021-02-22,2020-03-26,PM2.5,7.833289549,ug/m3
Dakar,Diamdiadio,14.7452,-17.5262,Openmap,2020-02-23 ~ 2021-02-22,2020-03-27,PM2.5,12.33692047,ug/m3
Dakar,Diamdiadio,14.7452,-17.5262,Openmap,2020-02-23 ~ 2021-02-22,2020-03-28,PM2.5,10.48317207,ug/m3
Dakar,Diamdiadio,14.7452,-17.5262,Openmap,2020-02-23 ~ 2021-02-22,2020-03-29,PM2.5,12.31252492,ug/m3
Dakar,Diamdiadio,14.7452,-17.5262,Openmap,2020-02-23 ~ 2021-02-22,2020-03-30,PM2.5,12.80707814,ug/m3
Dakar,Diamdiadio,14.7452,-17.5262,Openmap,2020-02-23 ~ 2021-02-22,2020-03-31,PM2.5,5.486586033,ug/m3
Dakar,Diamdiadio,14.7452,-17.5262,Openmap,2020-02-23 ~ 2021-02-22,2020-04-01,PM2.5,5.440493211,ug/m3
Dakar,Diamdiadio,14.7452,-17.5262,Openmap,2020-02-23 ~ 2021-02-22,2020-04-04,PM2.5,13.16509638,ug/m3
Dakar,Diamdiadio,14.7452,-17.5262,Openmap,2020-02-23 ~ 2021-02-22,2020-04-05,PM2.5,25.5942545,ug/m3
Dakar,Diamdiadio,14.7452,-17.5262,Openmap,2020-02-23 ~ 2021-02-22,2020-04-06,PM2.5,18.13691554,ug/m3
Dakar,Diamdiadio,14.7452,-17.5262,Openmap,2020-02-23 ~ 2021-02-22,2020-04-07,PM2.5,18.45588606,ug/m3
Dakar,Diamdiadio,14.7452,-17.5262,Openmap,2020-02-23 ~ 2021-02-22,2020-04-08,PM2.5,20.99882412,ug/m3
Dakar,Diamdiadio,14.7452,-17.5262,Openmap,2020-02-23 ~ 2021-02-22,2020-04-09,PM2.5,30.34685326,ug/m3
Dakar,Diamdiadio,14.7452,-17.5262,Openmap,2020-02-23 ~ 2021-02-22,2020-04-10,PM2.5,26.17957235,ug/m3
Dakar,Diamdiadio,14.7452,-17.5262,Openmap,2020-02-23 ~ 2021-02-22,2020-04-11,PM2.5,14.80050299,ug/m3
Dakar,Diamdiadio,14.7452,-17.5262,Openmap,2020-02-23 ~ 2021-02-22,2020-04-12,PM2.5,10.70050006,ug/m3
Dakar,Diamdiadio,14.7452,-17.5262,Openmap,2020-02-23 ~ 2021-02-22,2020-04-13,PM2.5,9.372038135,ug/m3
Dakar,Diamdiadio,14.7452,-17.5262,Openmap,2020-02-23 ~ 2021-02-22,2020-04-14,PM2.5,13.45128685,ug/m3
Dakar,Diamdiadio,14.7452,-17.5262,Openmap,2020-02-23 ~ 2021-02-22,2020-04-15,PM2.5,6.958097987,ug/m3
Dakar,Diamdiadio,14.7452,-17.5262,Openmap,2020-02-23 ~ 2021-02-22,2020-04-16,PM2.5,5.922335186,ug/m3
Dakar,Diamdiadio,14.7452,-17.5262,Openmap,2020-02-23 ~ 2021-02-22,2020-04-17,PM2.5,8.062284305,ug/m3
Dakar,Diamdiadio,14.7452,-17.5262,Openmap,2020-02-23 ~ 2021-02-22,2020-04-18,PM2.5,7.684647277,ug/m3
Dakar,Diamdiadio,14.7452,-17.5262,Openmap,2020-02-23 ~ 2021-02-22,2020-04-19,PM2.5,27.16487025,ug/m3
Dakar,Diamdiadio,14.7452,-17.5262,Openmap,2020-02-23 ~ 2021-02-22,2020-04-20,PM2.5,20.18040196,ug/m3
Dakar,Diamdiadio,14.7452,-17.5262,Openmap,2020-02-23 ~ 2021-02-22,2020-04-21,PM2.5,15.82517047,ug/m3
Dakar,Diamdiadio,14.7452,-17.5262,Openmap,2020-02-23 ~ 2021-02-22,2020-04-22,PM2.5,12.79329385,ug/m3
Dakar,Diamdiadio,14.7452,-17.5262,Openmap,2020-02-23 ~ 2021-02-22,2020-04-23,PM2.5,8.391902973,ug/m3
Dakar,Diamdiadio,14.7452,-17.5262,Openmap,2020-02-23 ~ 2021-02-22,2020-04-24,PM2.5,13.84762653,ug/m3
Dakar,Diamdiadio,14.7452,-17.5262,Openmap,2020-02-23 ~ 2021-02-22,2020-04-25,PM2.5,18.21283369,ug/m3
Dakar,Diamdiadio,14.7452,-17.5262,Openmap,2020-02-23 ~ 2021-02-22,2020-04-26,PM2.5,14.95965656,ug/m3
Dakar,Diamdiadio,14.7452,-17.5262,Openmap,2020-02-23 ~ 2021-02-22,2020-05-01,PM2.5,13.53884125,ug/m3
Dakar,Diamdiadio,14.7452,-17.5262,Openmap,2020-02-23 ~ 2021-02-22,2020-05-02,PM2.5,14.46260008,ug/m3
Dakar,Diamdiadio,14.7452,-17.5262,Openmap,2020-02-23 ~ 2021-02-22,2020-05-03,PM2.5,12.33543107,ug/m3
Dakar,Diamdiadio,14.7452,-17.5262,Openmap,2020-02-23 ~ 2021-02-22,2020-05-04,PM2.5,16.33452192,ug/m3
Dakar,Diamdiadio,14.7452,-17.5262,Openmap,2020-02-23 ~ 2021-02-22,2020-05-05,PM2.5,19.41305462,ug/m3
Dakar,Diamdiadio,14.7452,-17.5262,Openmap,2020-02-23 ~ 2021-02-22,2020-05-06,PM2.5,9.197704472,ug/m3
Dakar,Diamdiadio,14.7452,-17.5262,Openmap,2020-02-23 ~ 2021-02-22,2020-05-07,PM2.5,10.10521637,ug/m3
Dakar,Diamdiadio,14.7452,-17.5262,Openmap,2020-02-23 ~ 2021-02-22,2020-05-08,PM2.5,10.77140191,ug/m3
Dakar,Diamdiadio,14.7452,-17.5262,Openmap,2020-02-23 ~ 2021-02-22,2020-05-09,PM2.5,12.59377411,ug/m3
Dakar,Diamdiadio,14.7452,-17.5262,Openmap,2020-02-23 ~ 2021-02-22,2020-05-10,PM2.5,11.41665113,ug/m3
Dakar,Diamdiadio,14.7452,-17.5262,Openmap,2020-02-23 ~ 2021-02-22,2020-05-11,PM2.5,12.86103038,ug/m3
Dakar,Diamdiadio,14.7452,-17.5262,Openmap,2020-02-23 ~ 2021-02-22,2020-05-12,PM2.5,14.5972553,ug/m3
Dakar,Diamdiadio,14.7452,-17.5262,Openmap,2020-02-23 ~ 2021-02-22,2020-05-13,PM2.5,14.91498947,ug/m3
Dakar,Diamdiadio,14.7452,-17.5262,Openmap,2020-02-23 ~ 2021-02-22,2020-05-14,PM2.5,13.13077599,ug/m3
Dakar,Diamdiadio,14.7452,-17.5262,Openmap,2020-02-23 ~ 2021-02-22,2020-05-15,PM2.5,15.61889119,ug/m3
Dakar,Diamdiadio,14.7452,-17.5262,Openmap,2020-02-23 ~ 2021-02-22,2020-05-16,PM2.5,17.65044214,ug/m3
Dakar,Diamdiadio,14.7452,-17.5262,Openmap,2020-02-23 ~ 2021-02-22,2020-05-17,PM2.5,10.91829915,ug/m3
Dakar,Diamdiadio,14.7452,-17.5262,Openmap,2020-02-23 ~ 2021-02-22,2020-05-18,PM2.5,11.27457865,ug/m3
Dakar,Diamdiadio,14.7452,-17.5262,Openmap,2020-02-23 ~ 2021-02-22,2020-05-19,PM2.5,8.167322188,ug/m3
Dakar,Diamdiadio,14.7452,-17.5262,Openmap,2020-02-23 ~ 2021-02-22,2020-05-20,PM2.5,10.56450867,ug/m3
Dakar,Diamdiadio,14.7452,-17.5262,Openmap,2020-02-23 ~ 2021-02-22,2020-05-21,PM2.5,14.13861236,ug/m3
Dakar,Diamdiadio,14.7452,-17.5262,Openmap,2020-02-23 ~ 2021-02-22,2020-05-22,PM2.5,18.95883262,ug/m3
Dakar,Diamdiadio,14.7452,-17.5262,Openmap,2020-02-23 ~ 2021-02-22,2020-05-23,PM2.5,11.45526874,ug/m3
Dakar,Diamdiadio,14.7452,-17.5262,Openmap,2020-02-23 ~ 2021-02-22,2020-05-24,PM2.5,12.03456613,ug/m3
Dakar,Diamdiadio,14.7452,-17.5262,Openmap,2020-02-23 ~ 2021-02-22,2020-05-25,PM2.5,12.07896144,ug/m3
Dakar,Diamdiadio,14.7452,-17.5262,Openmap,2020-02-23 ~ 2021-02-22,2020-05-26,PM2.5,38.04431558,ug/m3
Dakar,Diamdiadio,14.7452,-17.5262,Openmap,2020-02-23 ~ 2021-02-22,2020-05-27,PM2.5,34.2082645,ug/m3
Dakar,Diamdiadio,14.7452,-17.5262,Openmap,2020-02-23 ~ 2021-02-22,2020-05-28,PM2.5,18.35758282,ug/m3
Dakar,Diamdiadio,14.7452,-17.5262,Openmap,2020-02-23 ~ 2021-02-22,2020-05-29,PM2.5,14.90750174,ug/m3
Dakar,Diamdiadio,14.7452,-17.5262,Openmap,2020-02-23 ~ 2021-02-22,2020-05-30,PM2.5,9.241544319,ug/m3
Dakar,Diamdiadio,14.7452,-17.5262,Openmap,2020-02-23 ~ 2021-02-22,2020-05-31,PM2.5,9.333452753,ug/m3
Dakar,Diamdiadio,14.7452,-17.5262,Openmap,2020-02-23 ~ 2021-02-22,2020-06-01,PM2.5,11.93690295,ug/m3
Dakar,Diamdiadio,14.7452,-17.5262,Openmap,2020-02-23 ~ 2021-02-22,2020-06-02,PM2.5,9.716475045,ug/m3
Dakar,Diamdiadio,14.7452,-17.5262,Openmap,2020-02-23 ~ 2021-02-22,2020-06-04,PM2.5,4.088108272,ug/m3
Dakar,Diamdiadio,14.7452,-17.5262,Openmap,2020-02-23 ~ 2021-02-22,2020-06-05,PM2.5,4.673512165,ug/m3
Dakar,Diamdiadio,14.7452,-17.5262,Openmap,2020-02-23 ~ 2021-02-22,2020-06-06,PM2.5,13.0087918,ug/m3
Dakar,Diamdiadio,14.7452,-17.5262,Openmap,2020-02-23 ~ 2021-02-22,2020-06-07,PM2.5,10.81080187,ug/m3
Dakar,Diamdiadio,14.7452,-17.5262,Openmap,2020-02-23 ~ 2021-02-22,2020-06-08,PM2.5,14.45910825,ug/m3
Dakar,Diamdiadio,14.7452,-17.5262,Openmap,2020-02-23 ~ 2021-02-22,2020-06-09,PM2.5,27.13952433,ug/m3
Dakar,Diamdiadio,14.7452,-17.5262,Openmap,2020-02-23 ~ 2021-02-22,2020-06-10,PM2.5,45.19940965,ug/m3
Dakar,Diamdiadio,14.7452,-17.5262,Openmap,2020-02-23 ~ 2021-02-22,2020-06-11,PM2.5,26.65778652,ug/m3
Dakar,Diamdiadio,14.7452,-17.5262,Openmap,2020-02-23 ~ 2021-02-22,2020-06-12,PM2.5,19.42877225,ug/m3
Dakar,Diamdiadio,14.7452,-17.5262,Openmap,2020-02-23 ~ 2021-02-22,2020-06-13,PM2.5,25.79915264,ug/m3
Dakar,Diamdiadio,14.7452,-17.5262,Openmap,2020-02-23 ~ 2021-02-22,2020-06-14,PM2.5,13.35037486,ug/m3
Dakar,Diamdiadio,14.7452,-17.5262,Openmap,2020-02-23 ~ 2021-02-22,2020-06-15,PM2.5,35.922104589999996,ug/m3
Dakar,Diamdiadio,14.7452,-17.5262,Openmap,2020-02-23 ~ 2021-02-22,2020-06-16,PM2.5,17.44726386,ug/m3
Dakar,Diamdiadio,14.7452,-17.5262,Openmap,2020-02-23 ~ 2021-02-22,2020-06-17,PM2.5,27.03880521,ug/m3
Dakar,Diamdiadio,14.7452,-17.5262,Openmap,2020-02-23 ~ 2021-02-22,2020-06-18,PM2.5,28.9703854,ug/m3
Dakar,Diamdiadio,14.7452,-17.5262,Openmap,2020-02-23 ~ 2021-02-22,2020-06-19,PM2.5,36.79639152,ug/m3
Dakar,Diamdiadio,14.7452,-17.5262,Openmap,2020-02-23 ~ 2021-02-22,2020-06-20,PM2.5,15.58561933,ug/m3
Dakar,Diamdiadio,14.7452,-17.5262,Openmap,2020-02-23 ~ 2021-02-22,2020-06-21,PM2.5,21.24563699,ug/m3
Dakar,Diamdiadio,14.7452,-17.5262,Openmap,2020-02-23 ~ 2021-02-22,2020-06-22,PM2.5,57.57932953,ug/m3
Dakar,Diamdiadio,14.7452,-17.5262,Openmap,2020-02-23 ~ 2021-02-22,2020-06-23,PM2.5,51.12722782,ug/m3
Dakar,Diamdiadio,14.7452,-17.5262,Openmap,2020-02-23 ~ 2021-02-22,2020-06-24,PM2.5,30.62697651,ug/m3
Dakar,Diamdiadio,14.7452,-17.5262,Openmap,2020-02-23 ~ 2021-02-22,2020-06-25,PM2.5,21.88788779,ug/m3
Dakar,Diamdiadio,14.7452,-17.5262,Openmap,2020-02-23 ~ 2021-02-22,2020-06-26,PM2.5,16.01206611,ug/m3
Dakar,Diamdiadio,14.7452,-17.5262,Openmap,2020-02-23 ~ 2021-02-22,2020-06-27,PM2.5,13.1050809,ug/m3
Dakar,Diamdiadio,14.7452,-17.5262,Openmap,2020-02-23 ~ 2021-02-22,2020-06-28,PM2.5,49.69176414,ug/m3
Dakar,Diamdiadio,14.7452,-17.5262,Openmap,2020-02-23 ~ 2021-02-22,2020-06-29,PM2.5,77.15741351,ug/m3
Dakar,Diamdiadio,14.7452,-17.5262,Openmap,2020-02-23 ~ 2021-02-22,2020-06-30,PM2.5,16.850018939999998,ug/m3
Dakar,Diamdiadio,14.7452,-17.5262,Openmap,2020-02-23 ~ 2021-02-22,2020-07-01,PM2.5,13.10106276,ug/m3
Dakar,Diamdiadio,14.7452,-17.5262,Openmap,2020-02-23 ~ 2021-02-22,2020-07-02,PM2.5,13.07965356,ug/m3
Dakar,Diamdiadio,14.7452,-17.5262,Openmap,2020-02-23 ~ 2021-02-22,2020-07-03,PM2.5,15.55685208,ug/m3
Dakar,Diamdiadio,14.7452,-17.5262,Openmap,2020-02-23 ~ 2021-02-22,2020-07-04,PM2.5,11.84750993,ug/m3
Dakar,Diamdiadio,14.7452,-17.5262,Openmap,2020-02-23 ~ 2021-02-22,2020-07-05,PM2.5,11.39980376,ug/m3
Dakar,Diamdiadio,14.7452,-17.5262,Openmap,2020-02-23 ~ 2021-02-22,2020-07-06,PM2.5,13.50239331,ug/m3
Dakar,Diamdiadio,14.7452,-17.5262,Openmap,2020-02-23 ~ 2021-02-22,2020-07-07,PM2.5,8.510775796,ug/m3
Dakar,Diamdiadio,14.7452,-17.5262,Openmap,2020-02-23 ~ 2021-02-22,2020-07-08,PM2.5,15.20931751,ug/m3
Dakar,Diamdiadio,14.7452,-17.5262,Openmap,2020-02-23 ~ 2021-02-22,2020-07-09,PM2.5,14.51489612,ug/m3
Dakar,Diamdiadio,14.7452,-17.5262,Openmap,2020-02-23 ~ 2021-02-22,2020-07-10,PM2.5,14.84632799,ug/m3
Dakar,Diamdiadio,14.7452,-17.5262,Openmap,2020-02-23 ~ 2021-02-22,2020-07-11,PM2.5,14.57237684,ug/m3
Dakar,Diamdiadio,14.7452,-17.5262,Openmap,2020-02-23 ~ 2021-02-22,2020-07-12,PM2.5,10.15396314,ug/m3
Dakar,Diamdiadio,14.7452,-17.5262,Openmap,2020-02-23 ~ 2021-02-22,2020-07-13,PM2.5,9.461326754,ug/m3
Dakar,Diamdiadio,14.7452,-17.5262,Openmap,2020-02-23 ~ 2021-02-22,2020-07-14,PM2.5,11.03049487,ug/m3
Dakar,Diamdiadio,14.7452,-17.5262,Openmap,2020-02-23 ~ 2021-02-22,2020-07-15,PM2.5,18.15466489,ug/m3
Dakar,Diamdiadio,14.7452,-17.5262,Openmap,2020-02-23 ~ 2021-02-22,2020-07-16,PM2.5,7.167394532,ug/m3
Dakar,Diamdiadio,14.7452,-17.5262,Openmap,2020-02-23 ~ 2021-02-22,2020-07-17,PM2.5,9.503277813,ug/m3
Dakar,Diamdiadio,14.7452,-17.5262,Openmap,2020-02-23 ~ 2021-02-22,2020-07-18,PM2.5,17.56168951,ug/m3
Dakar,Diamdiadio,14.7452,-17.5262,Openmap,2020-02-23 ~ 2021-02-22,2020-07-20,PM2.5,5.613130636,ug/m3
Dakar,Diamdiadio,14.7452,-17.5262,Openmap,2020-02-23 ~ 2021-02-22,2020-07-21,PM2.5,9.912616713,ug/m3
Dakar,Diamdiadio,14.7452,-17.5262,Openmap,2020-02-23 ~ 2021-02-22,2020-07-22,PM2.5,10.19884369,ug/m3
Dakar,Diamdiadio,14.7452,-17.5262,Openmap,2020-02-23 ~ 2021-02-22,2020-07-23,PM2.5,11.25540557,ug/m3
Dakar,Diamdiadio,14.7452,-17.5262,Openmap,2020-02-23 ~ 2021-02-22,2020-07-24,PM2.5,3.852950028,ug/m3
Dakar,Diamdiadio,14.7452,-17.5262,Openmap,2020-02-23 ~ 2021-02-22,2020-07-25,PM2.5,7.22995995,ug/m3
Dakar,Diamdiadio,14.7452,-17.5262,Openmap,2020-02-23 ~ 2021-02-22,2020-07-26,PM2.5,22.68541304,ug/m3
Dakar,Diamdiadio,14.7452,-17.5262,Openmap,2020-02-23 ~ 2021-02-22,2020-07-27,PM2.5,20.98178976,ug/m3
Dakar,Diamdiadio,14.7452,-17.5262,Openmap,2020-02-23 ~ 2021-02-22,2020-07-28,PM2.5,11.99675351,ug/m3
Dakar,Diamdiadio,14.7452,-17.5262,Openmap,2020-02-23 ~ 2021-02-22,2020-07-29,PM2.5,2.730893618,ug/m3
Dakar,Diamdiadio,14.7452,-17.5262,Openmap,2020-02-23 ~ 2021-02-22,2020-07-30,PM2.5,0.670023929,ug/m3
Dakar,Diamdiadio,14.7452,-17.5262,Openmap,2020-02-23 ~ 2021-02-22,2020-07-31,PM2.5,2.989765317,ug/m3
Dakar,Diamdiadio,14.7452,-17.5262,Openmap,2020-02-23 ~ 2021-02-22,2020-08-01,PM2.5,4.96984591,ug/m3
Dakar,Diamdiadio,14.7452,-17.5262,Openmap,2020-02-23 ~ 2021-02-22,2020-08-02,PM2.5,11.07766728,ug/m3
Dakar,Diamdiadio,14.7452,-17.5262,Openmap,2020-02-23 ~ 2021-02-22,2020-08-03,PM2.5,10.14049409,ug/m3
Dakar,Diamdiadio,14.7452,-17.5262,Openmap,2020-02-23 ~ 2021-02-22,2020-08-04,PM2.5,0.117447528,ug/m3
Dakar,Diamdiadio,14.7452,-17.5262,Openmap,2020-02-23 ~ 2021-02-22,2020-08-05,PM2.5,5.003294436,ug/m3
Dakar,Diamdiadio,14.7452,-17.5262,Openmap,2020-02-23 ~ 2021-02-22,2020-08-06,PM2.5,6.779233693,ug/m3
Dakar,Diamdiadio,14.7452,-17.5262,Openmap,2020-02-23 ~ 2021-02-22,2020-08-07,PM2.5,12.43086764,ug/m3
Dakar,Diamdiadio,14.7452,-17.5262,Openmap,2020-02-23 ~ 2021-02-22,2020-08-08,PM2.5,19.25405993,ug/m3
Dakar,Diamdiadio,14.7452,-17.5262,Openmap,2020-02-23 ~ 2021-02-22,2020-08-09,PM2.5,16.29632594,ug/m3
Dakar,Diamdiadio,14.7452,-17.5262,Openmap,2020-02-23 ~ 2021-02-22,2020-08-10,PM2.5,11.84403317,ug/m3
Dakar,Diamdiadio,14.7452,-17.5262,Openmap,2020-02-23 ~ 2021-02-22,2020-08-11,PM2.5,10.86519039,ug/m3
Dakar,Diamdiadio,14.7452,-17.5262,Openmap,2020-02-23 ~ 2021-02-22,2020-08-12,PM2.5,9.866374905,ug/m3
Dakar,Diamdiadio,14.7452,-17.5262,Openmap,2020-02-23 ~ 2021-02-22,2020-08-13,PM2.5,9.250413453,ug/m3
Dakar,Diamdiadio,14.7452,-17.5262,Openmap,2020-02-23 ~ 2021-02-22,2020-08-14,PM2.5,7.009695402,ug/m3
Dakar,Diamdiadio,14.7452,-17.5262,Openmap,2020-02-23 ~ 2021-02-22,2020-08-15,PM2.5,6.119587052,ug/m3
Dakar,Diamdiadio,14.7452,-17.5262,Openmap,2020-02-23 ~ 2021-02-22,2020-08-16,PM2.5,8.747584823,ug/m3
Dakar,Diamdiadio,14.7452,-17.5262,Openmap,2020-02-23 ~ 2021-02-22,2020-08-17,PM2.5,5.084625483,ug/m3
Dakar,Diamdiadio,14.7452,-17.5262,Openmap,2020-02-23 ~ 2021-02-22,2020-08-18,PM2.5,10.61266777,ug/m3
Dakar,Diamdiadio,14.7452,-17.5262,Openmap,2020-02-23 ~ 2021-02-22,2020-08-19,PM2.5,8.656418188,ug/m3
Dakar,Diamdiadio,14.7452,-17.5262,Openmap,2020-02-23 ~ 2021-02-22,2020-08-20,PM2.5,0.172132743,ug/m3
Dakar,Diamdiadio,14.7452,-17.5262,Openmap,2020-02-23 ~ 2021-02-22,2020-08-21,PM2.5,18.24719101,ug/m3
Dakar,Diamdiadio,14.7452,-17.5262,Openmap,2020-02-23 ~ 2021-02-22,2020-08-22,PM2.5,18.78767897,ug/m3
Dakar,Diamdiadio,14.7452,-17.5262,Openmap,2020-02-23 ~ 2021-02-22,2020-08-23,PM2.5,14.30989609,ug/m3
Dakar,Diamdiadio,14.7452,-17.5262,Openmap,2020-02-23 ~ 2021-02-22,2020-08-24,PM2.5,26.00884277,ug/m3
Dakar,Diamdiadio,14.7452,-17.5262,Openmap,2020-02-23 ~ 2021-02-22,2020-08-25,PM2.5,12.70973669,ug/m3
Dakar,Diamdiadio,14.7452,-17.5262,Openmap,2020-02-23 ~ 2021-02-22,2020-08-26,PM2.5,11.50822938,ug/m3
Dakar,Diamdiadio,14.7452,-17.5262,Openmap,2020-02-23 ~ 2021-02-22,2020-08-27,PM2.5,15.76808755,ug/m3
Dakar,Diamdiadio,14.7452,-17.5262,Openmap,2020-02-23 ~ 2021-02-22,2020-08-28,PM2.5,11.92732104,ug/m3
Dakar,Diamdiadio,14.7452,-17.5262,Openmap,2020-02-23 ~ 2021-02-22,2020-08-29,PM2.5,8.471972319,ug/m3
Dakar,Diamdiadio,14.7452,-17.5262,Openmap,2020-02-23 ~ 2021-02-22,2020-08-30,PM2.5,17.23485402,ug/m3
Dakar,Diamdiadio,14.7452,-17.5262,Openmap,2020-02-23 ~ 2021-02-22,2020-08-31,PM2.5,4.54388595,ug/m3
Dakar,Diamdiadio,14.7452,-17.5262,Openmap,2020-02-23 ~ 2021-02-22,2020-09-01,PM2.5,2.822366756,ug/m3
Dakar,Diamdiadio,14.7452,-17.5262,Openmap,2020-02-23 ~ 2021-02-22,2020-09-02,PM2.5,0.946257687,ug/m3
Dakar,Diamdiadio,14.7452,-17.5262,Openmap,2020-02-23 ~ 2021-02-22,2020-09-03,PM2.5,3.237541434,ug/m3
Dakar,Diamdiadio,14.7452,-17.5262,Openmap,2020-02-23 ~ 2021-02-22,2020-09-04,PM2.5,3.745302569,ug/m3
Dakar,Diamdiadio,14.7452,-17.5262,Openmap,2020-02-23 ~ 2021-02-22,2020-09-05,PM2.5,6.253091217,ug/m3
Dakar,Diamdiadio,14.7452,-17.5262,Openmap,2020-02-23 ~ 2021-02-22,2020-09-09,PM2.5,19.05918278,ug/m3
Dakar,Diamdiadio,14.7452,-17.5262,Openmap,2020-02-23 ~ 2021-02-22,2020-09-10,PM2.5,7.626690254,ug/m3
Dakar,Diamdiadio,14.7452,-17.5262,Openmap,2020-02-23 ~ 2021-02-22,2020-09-11,PM2.5,3.344224156,ug/m3
Dakar,Diamdiadio,14.7452,-17.5262,Openmap,2020-02-23 ~ 2021-02-22,2020-09-12,PM2.5,11.16339786,ug/m3
Dakar,Diamdiadio,14.7452,-17.5262,Openmap,2020-02-23 ~ 2021-02-22,2020-09-13,PM2.5,11.30735075,ug/m3
Dakar,Diamdiadio,14.7452,-17.5262,Openmap,2020-02-23 ~ 2021-02-22,2020-09-14,PM2.5,15.07414083,ug/m3
Dakar,Diamdiadio,14.7452,-17.5262,Openmap,2020-02-23 ~ 2021-02-22,2020-09-15,PM2.5,9.611914592,ug/m3
Dakar,Diamdiadio,14.7452,-17.5262,Openmap,2020-02-23 ~ 2021-02-22,2020-09-16,PM2.5,9.435128596,ug/m3
Dakar,Diamdiadio,14.7452,-17.5262,Openmap,2020-02-23 ~ 2021-02-22,2020-09-17,PM2.5,9.571063965,ug/m3
Dakar,Diamdiadio,14.7452,-17.5262,Openmap,2020-02-23 ~ 2021-02-22,2020-09-18,PM2.5,7.730506313,ug/m3
Dakar,Diamdiadio,14.7452,-17.5262,Openmap,2020-02-23 ~ 2021-02-22,2020-09-19,PM2.5,9.201090084,ug/m3
Dakar,Diamdiadio,14.7452,-17.5262,Openmap,2020-02-23 ~ 2021-02-22,2020-09-20,PM2.5,10.82020384,ug/m3
Dakar,Diamdiadio,14.7452,-17.5262,Openmap,2020-02-23 ~ 2021-02-22,2020-09-21,PM2.5,13.11990496,ug/m3
Dakar,Diamdiadio,14.7452,-17.5262,Openmap,2020-02-23 ~ 2021-02-22,2020-09-22,PM2.5,9.473528959,ug/m3
Dakar,Diamdiadio,14.7452,-17.5262,Openmap,2020-02-23 ~ 2021-02-22,2020-09-23,PM2.5,11.65040837,ug/m3
Dakar,Diamdiadio,14.7452,-17.5262,Openmap,2020-02-23 ~ 2021-02-22,2020-09-24,PM2.5,8.473198671,ug/m3
Dakar,Diamdiadio,14.7452,-17.5262,Openmap,2020-02-23 ~ 2021-02-22,2020-09-25,PM2.5,10.96011353,ug/m3
Dakar,Diamdiadio,14.7452,-17.5262,Openmap,2020-02-23 ~ 2021-02-22,2020-09-26,PM2.5,20.84728834,ug/m3
Dakar,Diamdiadio,14.7452,-17.5262,Openmap,2020-02-23 ~ 2021-02-22,2020-09-27,PM2.5,10.40666314,ug/m3
Dakar,Diamdiadio,14.7452,-17.5262,Openmap,2020-02-23 ~ 2021-02-22,2020-09-28,PM2.5,17.65466643,ug/m3
Dakar,Diamdiadio,14.7452,-17.5262,Openmap,2020-02-23 ~ 2021-02-22,2020-09-29,PM2.5,13.5331426,ug/m3
Dakar,Diamdiadio,14.7452,-17.5262,Openmap,2020-02-23 ~ 2021-02-22,2020-09-30,PM2.5,12.76830943,ug/m3
Dakar,Diamdiadio,14.7452,-17.5262,Openmap,2020-02-23 ~ 2021-02-22,2020-10-01,PM2.5,25.37002268,ug/m3
Dakar,Diamdiadio,14.7452,-17.5262,Openmap,2020-02-23 ~ 2021-02-22,2020-10-02,PM2.5,24.53212312,ug/m3
Dakar,Diamdiadio,14.7452,-17.5262,Openmap,2020-02-23 ~ 2021-02-22,2020-10-03,PM2.5,12.49237751,ug/m3
Dakar,Diamdiadio,14.7452,-17.5262,Openmap,2020-02-23 ~ 2021-02-22,2020-10-04,PM2.5,13.69301729,ug/m3
Dakar,Diamdiadio,14.7452,-17.5262,Openmap,2020-02-23 ~ 2021-02-22,2020-10-05,PM2.5,9.798948148,ug/m3
Dakar,Diamdiadio,14.7452,-17.5262,Openmap,2020-02-23 ~ 2021-02-22,2020-10-06,PM2.5,11.98009261,ug/m3
Dakar,Diamdiadio,14.7452,-17.5262,Openmap,2020-02-23 ~ 2021-02-22,2020-10-07,PM2.5,9.145710907,ug/m3
Dakar,Diamdiadio,14.7452,-17.5262,Openmap,2020-02-23 ~ 2021-02-22,2020-10-08,PM2.5,17.38390072,ug/m3
Dakar,Diamdiadio,14.7452,-17.5262,Openmap,2020-02-23 ~ 2021-02-22,2020-10-09,PM2.5,20.14139284,ug/m3
Dakar,Diamdiadio,14.7452,-17.5262,Openmap,2020-02-23 ~ 2021-02-22,2020-10-10,PM2.5,14.99398023,ug/m3
Dakar,Diamdiadio,14.7452,-17.5262,Openmap,2020-02-23 ~ 2021-02-22,2020-10-11,PM2.5,20.72840097,ug/m3
Dakar,Diamdiadio,14.7452,-17.5262,Openmap,2020-02-23 ~ 2021-02-22,2020-10-16,PM2.5,35.67631637,ug/m3
Dakar,Diamdiadio,14.7452,-17.5262,Openmap,2020-02-23 ~ 2021-02-22,2020-10-17,PM2.5,14.23539554,ug/m3
Dakar,Diamdiadio,14.7452,-17.5262,Openmap,2020-02-23 ~ 2021-02-22,2020-10-18,PM2.5,14.62473971,ug/m3
Dakar,Diamdiadio,14.7452,-17.5262,Openmap,2020-02-23 ~ 2021-02-22,2020-10-19,PM2.5,29.5836917,ug/m3
Dakar,Diamdiadio,14.7452,-17.5262,Openmap,2020-02-23 ~ 2021-02-22,2020-10-20,PM2.5,25.15026264,ug/m3
Dakar,Diamdiadio,14.7452,-17.5262,Openmap,2020-02-23 ~ 2021-02-22,2020-10-21,PM2.5,18.18803763,ug/m3
Dakar,Diamdiadio,14.7452,-17.5262,Openmap,2020-02-23 ~ 2021-02-22,2020-10-22,PM2.5,18.89845898,ug/m3
Dakar,Diamdiadio,14.7452,-17.5262,Openmap,2020-02-23 ~ 2021-02-22,2020-10-23,PM2.5,15.4366718,ug/m3
Dakar,Diamdiadio,14.7452,-17.5262,Openmap,2020-02-23 ~ 2021-02-22,2020-10-24,PM2.5,20.34978992,ug/m3
Dakar,Diamdiadio,14.7452,-17.5262,Openmap,2020-02-23 ~ 2021-02-22,2020-10-25,PM2.5,31.15864706,ug/m3
Dakar,Diamdiadio,14.7452,-17.5262,Openmap,2020-02-23 ~ 2021-02-22,2020-10-26,PM2.5,34.16169119,ug/m3
Dakar,Diamdiadio,14.7452,-17.5262,Openmap,2020-02-23 ~ 2021-02-22,2020-10-27,PM2.5,39.56430509,ug/m3
Dakar,Diamdiadio,14.7452,-17.5262,Openmap,2020-02-23 ~ 2021-02-22,2020-10-28,PM2.5,22.7576897,ug/m3
Dakar,Diamdiadio,14.7452,-17.5262,Openmap,2020-02-23 ~ 2021-02-22,2020-10-29,PM2.5,12.85335121,ug/m3
Dakar,Diamdiadio,14.7452,-17.5262,Openmap,2020-02-23 ~ 2021-02-22,2020-10-30,PM2.5,12.17408606,ug/m3
Dakar,Diamdiadio,14.7452,-17.5262,Openmap,2020-02-23 ~ 2021-02-22,2020-10-31,PM2.5,16.63497287,ug/m3
Dakar,Diamdiadio,14.7452,-17.5262,Openmap,2020-02-23 ~ 2021-02-22,2020-11-01,PM2.5,15.21054758,ug/m3
Dakar,Diamdiadio,14.7452,-17.5262,Openmap,2020-02-23 ~ 2021-02-22,2020-11-02,PM2.5,15.89616846,ug/m3
Dakar,Diamdiadio,14.7452,-17.5262,Openmap,2020-02-23 ~ 2021-02-22,2020-11-03,PM2.5,26.24135381,ug/m3
Dakar,Diamdiadio,14.7452,-17.5262,Openmap,2020-02-23 ~ 2021-02-22,2020-11-04,PM2.5,18.52872573,ug/m3
Dakar,Diamdiadio,14.7452,-17.5262,Openmap,2020-02-23 ~ 2021-02-22,2020-11-05,PM2.5,17.75545228,ug/m3
Dakar,Diamdiadio,14.7452,-17.5262,Openmap,2020-02-23 ~ 2021-02-22,2020-11-06,PM2.5,15.6457885,ug/m3
Dakar,Diamdiadio,14.7452,-17.5262,Openmap,2020-02-23 ~ 2021-02-22,2020-11-07,PM2.5,16.24168647,ug/m3
Dakar,Diamdiadio,14.7452,-17.5262,Openmap,2020-02-23 ~ 2021-02-22,2020-11-08,PM2.5,31.69381556,ug/m3
Dakar,Diamdiadio,14.7452,-17.5262,Openmap,2020-02-23 ~ 2021-02-22,2020-11-09,PM2.5,34.69100134,ug/m3
Dakar,Diamdiadio,14.7452,-17.5262,Openmap,2020-02-23 ~ 2021-02-22,2020-11-10,PM2.5,32.87097846,ug/m3
Dakar,Diamdiadio,14.7452,-17.5262,Openmap,2020-02-23 ~ 2021-02-22,2020-11-11,PM2.5,21.08775743,ug/m3
Dakar,Diamdiadio,14.7452,-17.5262,Openmap,2020-02-23 ~ 2021-02-22,2020-11-12,PM2.5,17.94489926,ug/m3
Dakar,Diamdiadio,14.7452,-17.5262,Openmap,2020-02-23 ~ 2021-02-22,2020-11-13,PM2.5,16.37919628,ug/m3
Dakar,Diamdiadio,14.7452,-17.5262,Openmap,2020-02-23 ~ 2021-02-22,2020-11-14,PM2.5,18.10403729,ug/m3
Dakar,Diamdiadio,14.7452,-17.5262,Openmap,2020-02-23 ~ 2021-02-22,2020-11-15,PM2.5,16.84251855,ug/m3
Dakar,Diamdiadio,14.7452,-17.5262,Openmap,2020-02-23 ~ 2021-02-22,2020-11-16,PM2.5,15.13852431,ug/m3
Dakar,Diamdiadio,14.7452,-17.5262,Openmap,2020-02-23 ~ 2021-02-22,2020-11-17,PM2.5,12.60880037,ug/m3
Dakar,Diamdiadio,14.7452,-17.5262,Openmap,2020-02-23 ~ 2021-02-22,2020-11-21,PM2.5,21.6372778,ug/m3
Dakar,Diamdiadio,14.7452,-17.5262,Openmap,2020-02-23 ~ 2021-02-22,2020-11-22,PM2.5,27.38552799,ug/m3
Dakar,Diamdiadio,14.7452,-17.5262,Openmap,2020-02-23 ~ 2021-02-22,2020-11-23,PM2.5,11.84337607,ug/m3
Dakar,Diamdiadio,14.7452,-17.5262,Openmap,2020-02-23 ~ 2021-02-22,2020-11-24,PM2.5,15.83819459,ug/m3
Dakar,Diamdiadio,14.7452,-17.5262,Openmap,2020-02-23 ~ 2021-02-22,2020-11-25,PM2.5,24.06707344,ug/m3
Dakar,Diamdiadio,14.7452,-17.5262,Openmap,2020-02-23 ~ 2021-02-22,2020-11-26,PM2.5,11.42492298,ug/m3
Dakar,Diamdiadio,14.7452,-17.5262,Openmap,2020-02-23 ~ 2021-02-22,2020-11-27,PM2.5,9.439607998,ug/m3
Dakar,Diamdiadio,14.7452,-17.5262,Openmap,2020-02-23 ~ 2021-02-22,2020-11-28,PM2.5,4.639716168,ug/m3
Dakar,Diamdiadio,14.7452,-17.5262,Openmap,2020-02-23 ~ 2021-02-22,2020-11-29,PM2.5,8.376603923,ug/m3
Dakar,Diamdiadio,14.7452,-17.5262,Openmap,2020-02-23 ~ 2021-02-22,2020-11-30,PM2.5,4.37371688,ug/m3
Dakar,Diamdiadio,14.7452,-17.5262,Openmap,2020-02-23 ~ 2021-02-22,2020-12-01,PM2.5,5.206424993,ug/m3
Dakar,Diamdiadio,14.7452,-17.5262,Openmap,2020-02-23 ~ 2021-02-22,2020-12-02,PM2.5,12.28864544,ug/m3
Dakar,Diamdiadio,14.7452,-17.5262,Openmap,2020-02-23 ~ 2021-02-22,2020-12-03,PM2.5,8.349813683,ug/m3
Dakar,Diamdiadio,14.7452,-17.5262,Openmap,2020-02-23 ~ 2021-02-22,2020-12-04,PM2.5,10.05234928,ug/m3
Dakar,Diamdiadio,14.7452,-17.5262,Openmap,2020-02-23 ~ 2021-02-22,2020-12-05,PM2.5,11.01696691,ug/m3
Dakar,Diamdiadio,14.7452,-17.5262,Openmap,2020-02-23 ~ 2021-02-22,2020-12-06,PM2.5,6.898104451,ug/m3
Dakar,Diamdiadio,14.7452,-17.5262,Openmap,2020-02-23 ~ 2021-02-22,2020-12-07,PM2.5,12.06598743,ug/m3
Dakar,Diamdiadio,14.7452,-17.5262,Openmap,2020-02-23 ~ 2021-02-22,2020-12-08,PM2.5,9.54520737,ug/m3
Dakar,Diamdiadio,14.7452,-17.5262,Openmap,2020-02-23 ~ 2021-02-22,2020-12-09,PM2.5,10.64342499,ug/m3
Dakar,Diamdiadio,14.7452,-17.5262,Openmap,2020-02-23 ~ 2021-02-22,2020-12-10,PM2.5,13.94384492,ug/m3
Dakar,Diamdiadio,14.7452,-17.5262,Openmap,2020-02-23 ~ 2021-02-22,2020-12-11,PM2.5,14.54317847,ug/m3
Dakar,Diamdiadio,14.7452,-17.5262,Openmap,2020-02-23 ~ 2021-02-22,2020-12-12,PM2.5,16.76915989,ug/m3
Dakar,Diamdiadio,14.7452,-17.5262,Openmap,2020-02-23 ~ 2021-02-22,2020-12-13,PM2.5,15.08648725,ug/m3
Dakar,Diamdiadio,14.7452,-17.5262,Openmap,2020-02-23 ~ 2021-02-22,2020-12-14,PM2.5,19.14196222,ug/m3
Dakar,Diamdiadio,14.7452,-17.5262,Openmap,2020-02-23 ~ 2021-02-22,2020-12-15,PM2.5,14.58220496,ug/m3
Dakar,Diamdiadio,14.7452,-17.5262,Openmap,2020-02-23 ~ 2021-02-22,2020-12-16,PM2.5,17.49036694,ug/m3
Dakar,Diamdiadio,14.7452,-17.5262,Openmap,2020-02-23 ~ 2021-02-22,2020-12-17,PM2.5,11.55326051,ug/m3
Dakar,Diamdiadio,14.7452,-17.5262,Openmap,2020-02-23 ~ 2021-02-22,2020-12-18,PM2.5,11.18904281,ug/m3
Dakar,Diamdiadio,14.7452,-17.5262,Openmap,2020-02-23 ~ 2021-02-22,2020-12-19,PM2.5,14.48964543,ug/m3
Dakar,Diamdiadio,14.7452,-17.5262,Openmap,2020-02-23 ~ 2021-02-22,2020-12-20,PM2.5,35.17324831,ug/m3
Dakar,Diamdiadio,14.7452,-17.5262,Openmap,2020-02-23 ~ 2021-02-22,2020-12-28,PM2.5,114.06966,ug/m3
Dakar,Diamdiadio,14.7452,-17.5262,Openmap,2020-02-23 ~ 2021-02-22,2020-12-29,PM2.5,14.62134232,ug/m3
Dakar,Diamdiadio,14.7452,-17.5262,Openmap,2020-02-23 ~ 2021-02-22,2020-12-30,PM2.5,9.798650414,ug/m3
Dakar,Diamdiadio,14.7452,-17.5262,Openmap,2020-02-23 ~ 2021-02-22,2020-12-31,PM2.5,7.915934232,ug/m3
Dakar,Diamdiadio,14.7452,-17.5262,Openmap,2020-02-23 ~ 2021-02-22,2021-01-01,PM2.5,7.755408052,ug/m3
Dakar,Diamdiadio,14.7452,-17.5262,Openmap,2020-02-23 ~ 2021-02-22,2021-01-02,PM2.5,6.23589921,ug/m3
Dakar,Diamdiadio,14.7452,-17.5262,Openmap,2020-02-23 ~ 2021-02-22,2021-01-03,PM2.5,8.582666648,ug/m3
Dakar,Diamdiadio,14.7452,-17.5262,Openmap,2020-02-23 ~ 2021-02-22,2021-01-04,PM2.5,10.19335411,ug/m3
Dakar,Diamdiadio,14.7452,-17.5262,Openmap,2020-02-23 ~ 2021-02-22,2021-01-05,PM2.5,10.49924813,ug/m3
Dakar,Diamdiadio,14.7452,-17.5262,Openmap,2020-02-23 ~ 2021-02-22,2021-01-06,PM2.5,9.617311205,ug/m3
Dakar,Diamdiadio,14.7452,-17.5262,Openmap,2020-02-23 ~ 2021-02-22,2021-01-07,PM2.5,10.67308298,ug/m3
Dakar,Diamdiadio,14.7452,-17.5262,Openmap,2020-02-23 ~ 2021-02-22,2021-01-08,PM2.5,17.31892716,ug/m3
Dakar,Diamdiadio,14.7452,-17.5262,Openmap,2020-02-23 ~ 2021-02-22,2021-01-09,PM2.5,14.19873381,ug/m3
Dakar,Diamdiadio,14.7452,-17.5262,Openmap,2020-02-23 ~ 2021-02-22,2021-01-10,PM2.5,17.82522666,ug/m3
Dakar,Diamdiadio,14.7452,-17.5262,Openmap,2020-02-23 ~ 2021-02-22,2021-01-11,PM2.5,19.75212377,ug/m3
Dakar,Diamdiadio,14.7452,-17.5262,Openmap,2020-02-23 ~ 2021-02-22,2021-01-12,PM2.5,15.484395,ug/m3
Dakar,Diamdiadio,14.7452,-17.5262,Openmap,2020-02-23 ~ 2021-02-22,2021-01-13,PM2.5,15.56122873,ug/m3
Dakar,Diamdiadio,14.7452,-17.5262,Openmap,2020-02-23 ~ 2021-02-22,2021-01-14,PM2.5,29.58475714,ug/m3
Dakar,Diamdiadio,14.7452,-17.5262,Openmap,2020-02-23 ~ 2021-02-22,2021-01-15,PM2.5,25.79990252,ug/m3
Dakar,Diamdiadio,14.7452,-17.5262,Openmap,2020-02-23 ~ 2021-02-22,2021-01-16,PM2.5,15.01516749,ug/m3
Dakar,Diamdiadio,14.7452,-17.5262,Openmap,2020-02-23 ~ 2021-02-22,2021-01-17,PM2.5,21.97204278,ug/m3
Dakar,Diamdiadio,14.7452,-17.5262,Openmap,2020-02-23 ~ 2021-02-22,2021-01-18,PM2.5,35.60392188,ug/m3
Dakar,Diamdiadio,14.7452,-17.5262,Openmap,2020-02-23 ~ 2021-02-22,2021-01-19,PM2.5,26.99552445,ug/m3
Dakar,Diamdiadio,14.7452,-17.5262,Openmap,2020-02-23 ~ 2021-02-22,2021-01-20,PM2.5,20.55157839,ug/m3
Dakar,Diamdiadio,14.7452,-17.5262,Openmap,2020-02-23 ~ 2021-02-22,2021-01-21,PM2.5,17.49095229,ug/m3
Dakar,Diamdiadio,14.7452,-17.5262,Openmap,2020-02-23 ~ 2021-02-22,2021-01-22,PM2.5,13.96192746,ug/m3
Dakar,Diamdiadio,14.7452,-17.5262,Openmap,2020-02-23 ~ 2021-02-22,2021-01-23,PM2.5,12.82999149,ug/m3
Dakar,Diamdiadio,14.7452,-17.5262,Openmap,2020-02-23 ~ 2021-02-22,2021-01-24,PM2.5,11.3176778,ug/m3
Dakar,Diamdiadio,14.7452,-17.5262,Openmap,2020-02-23 ~ 2021-02-22,2021-01-25,PM2.5,11.69556005,ug/m3
Dakar,Diamdiadio,14.7452,-17.5262,Openmap,2020-02-23 ~ 2021-02-22,2021-01-26,PM2.5,12.03259144,ug/m3
Dakar,Diamdiadio,14.7452,-17.5262,Openmap,2020-02-23 ~ 2021-02-22,2021-01-27,PM2.5,11.07859885,ug/m3
Dakar,Diamdiadio,14.7452,-17.5262,Openmap,2020-02-23 ~ 2021-02-22,2021-01-28,PM2.5,15.84199267,ug/m3
Dakar,Diamdiadio,14.7452,-17.5262,Openmap,2020-02-23 ~ 2021-02-22,2021-01-29,PM2.5,17.46941739,ug/m3
Dakar,Diamdiadio,14.7452,-17.5262,Openmap,2020-02-23 ~ 2021-02-22,2021-01-30,PM2.5,19.82630629,ug/m3
Dakar,Diamdiadio,14.7452,-17.5262,Openmap,2020-02-23 ~ 2021-02-22,2021-01-31,PM2.5,17.34547435,ug/m3
Dakar,Diamdiadio,14.7452,-17.5262,Openmap,2020-02-23 ~ 2021-02-22,2021-02-01,PM2.5,13.315892,ug/m3
Dakar,Diamdiadio,14.7452,-17.5262,Openmap,2020-02-23 ~ 2021-02-22,2021-02-02,PM2.5,17.18741512,ug/m3
Dakar,Diamdiadio,14.7452,-17.5262,Openmap,2020-02-23 ~ 2021-02-22,2021-02-03,PM2.5,22.07262696,ug/m3
Dakar,Diamdiadio,14.7452,-17.5262,Openmap,2020-02-23 ~ 2021-02-22,2021-02-04,PM2.5,23.92473547,ug/m3
Dakar,Diamdiadio,14.7452,-17.5262,Openmap,2020-02-23 ~ 2021-02-22,2021-02-05,PM2.5,16.54901842,ug/m3
Dakar,Diamdiadio,14.7452,-17.5262,Openmap,2020-02-23 ~ 2021-02-22,2021-02-06,PM2.5,9.126261064,ug/m3
Dakar,Diamdiadio,14.7452,-17.5262,Openmap,2020-02-23 ~ 2021-02-22,2021-02-07,PM2.5,16.03298139,ug/m3
Dakar,Diamdiadio,14.7452,-17.5262,Openmap,2020-02-23 ~ 2021-02-22,2021-02-08,PM2.5,16.57975495,ug/m3
Dakar,Diamdiadio,14.7452,-17.5262,Openmap,2020-02-23 ~ 2021-02-22,2021-02-09,PM2.5,25.98892419,ug/m3
Dakar,Diamdiadio,14.7452,-17.5262,Openmap,2020-02-23 ~ 2021-02-22,2021-02-10,PM2.5,11.97941203,ug/m3
Dakar,Diamdiadio,14.7452,-17.5262,Openmap,2020-02-23 ~ 2021-02-22,2021-02-11,PM2.5,11.51638084,ug/m3
Dakar,Diamdiadio,14.7452,-17.5262,Openmap,2020-02-23 ~ 2021-02-22,2021-02-12,PM2.5,14.29636141,ug/m3
Dakar,Diamdiadio,14.7452,-17.5262,Openmap,2020-02-23 ~ 2021-02-22,2021-02-13,PM2.5,18.17117948,ug/m3
Dakar,Diamdiadio,14.7452,-17.5262,Openmap,2020-02-23 ~ 2021-02-22,2021-02-14,PM2.5,24.71530661,ug/m3
Dakar,Diamdiadio,14.7452,-17.5262,Openmap,2020-02-23 ~ 2021-02-22,2021-02-15,PM2.5,49.23318797,ug/m3
Dakar,Diamdiadio,14.7452,-17.5262,Openmap,2020-02-23 ~ 2021-02-22,2021-02-16,PM2.5,168.5111903,ug/m3
Dakar,Diamdiadio,14.7452,-17.5262,Openmap,2020-02-23 ~ 2021-02-22,2021-02-17,PM2.5,126.3339901,ug/m3
Dakar,Diamdiadio,14.7452,-17.5262,Openmap,2020-02-23 ~ 2021-02-22,2021-02-18,PM2.5,62.89960469,ug/m3
Dakar,Diamdiadio,14.7452,-17.5262,Openmap,2020-02-23 ~ 2021-02-22,2021-02-19,PM2.5,40.07666281,ug/m3
Dakar,Diamdiadio,14.7452,-17.5262,Openmap,2020-02-23 ~ 2021-02-22,2021-02-20,PM2.5,81.17561131,ug/m3
